timestamp,threat_type,source_ip,source_mac,details
2025-10-27 18:55:29.461516,DNS Spoofing,Unknown,Switched to 1.1.1.1,"IPs detected: {""b'marketplace-visualstudio-com.bx-0007.bx-msedge.net.'"", nan}"
2025-10-27 19:09:34.083428,ML Anomaly,,Detected by Isolation Forest,Anomalous pattern
2025-10-27 19:09:34.083859,ARP Spoofing,,Blocked via firewall,"âš  Error blocking IP None: expected str, bytes or os.PathLike object, not NoneType"
2025-10-27 19:10:40.793064,DNS Spoofing,Unknown,Switched to 1.1.1.1,"IPs detected: [None, '2401:4900:640c:2261:6db1:141c:517b:e9b7', b'Shakeeb-Laptop._dosvc._tcp.local.']"
2025-10-27 19:10:43.860776,DNS Spoofing,Unknown,Switched to 1.1.1.1,"IPs detected: [None, '2401:4900:640c:2261:6db1:141c:517b:e9b7', b'Shakeeb-Laptop._dosvc._tcp.local.']"
2025-10-27 19:10:46.229914,DNS Spoofing,Unknown,Switched to 1.1.1.1,"IPs detected: [None, '2401:4900:640c:2261:6db1:141c:517b:e9b7', b'Shakeeb-Laptop._dosvc._tcp.local.']"
2025-10-27 19:10:48.272932,DNS Spoofing,Unknown,Switched to 1.1.1.1,"IPs detected: [None, '2401:4900:640c:2261:6db1:141c:517b:e9b7', b'Shakeeb-Laptop._dosvc._tcp.local.']"
2025-10-27 19:10:51.829421,DNS Spoofing,Unknown,Switched to 1.1.1.1,"IPs detected: [None, '2401:4900:640c:2261:6db1:141c:517b:e9b7', b'Shakeeb-Laptop._dosvc._tcp.local.']"
2025-10-27 19:10:54.344148,DNS Spoofing,Unknown,Switched to 1.1.1.1,"IPs detected: [None, '2401:4900:640c:2261:6db1:141c:517b:e9b7', b'Shakeeb-Laptop._dosvc._tcp.local.']"
2025-10-27 19:10:58.196192,DNS Spoofing,Unknown,Switched to 1.1.1.1,"IPs detected: [None, '2401:4900:640c:2261:6db1:141c:517b:e9b7', b'Shakeeb-Laptop._dosvc._tcp.local.']"
2025-10-27 19:11:00.263161,DNS Spoofing,Unknown,Switched to 1.1.1.1,"IPs detected: [None, '2401:4900:640c:2261:6db1:141c:517b:e9b7', b'Shakeeb-Laptop._dosvc._tcp.local.']"
2025-10-27 19:11:02.854640,DNS Spoofing,Unknown,Switched to 1.1.1.1,"IPs detected: [None, '2401:4900:640c:2261:6db1:141c:517b:e9b7', b'Shakeeb-Laptop._dosvc._tcp.local.']"
2025-10-28 11:03:49.073602,DNS Spoofing,Unknown,Switched to 1.1.1.1,"IPs detected: [None, b'vscode-cdn.z01.azurefd.net.']"
2025-10-28 11:03:53.803535,DNS Spoofing,Unknown,Switched to 1.1.1.1,"IPs detected: [None, b'vscode-cdn.z01.azurefd.net.']"
2025-10-28 11:03:57.749314,DNS Spoofing,Unknown,Switched to 1.1.1.1,"IPs detected: [None, b'vscode-cdn.z01.azurefd.net.']"
2025-10-28 11:04:03.875905,DNS Spoofing,Unknown,Switched to 1.1.1.1,"IPs detected: [None, b'vscode-cdn.z01.azurefd.net.']"
2025-10-28 11:04:08.242719,DNS Spoofing,Unknown,Switched to 1.1.1.1,"IPs detected: [None, b'vscode-cdn.z01.azurefd.net.']"
2025-10-28 11:04:14.787536,DNS Spoofing,Unknown,Switched to 1.1.1.1,"IPs detected: [None, b'vscode-cdn.z01.azurefd.net.']"
2025-10-28 11:04:18.215724,DNS Spoofing,Unknown,Switched to 1.1.1.1,"IPs detected: [None, b'vscode-cdn.z01.azurefd.net.']"
2025-10-28 11:04:20.495661,DNS Spoofing,Unknown,Switched to 1.1.1.1,"IPs detected: [None, b'vscode-cdn.z01.azurefd.net.']"
2025-10-28 11:04:22.466578,DNS Spoofing,Unknown,Switched to 1.1.1.1,"IPs detected: [None, b'vscode-cdn.z01.azurefd.net.']"
2025-10-28 11:04:27.908872,DNS Spoofing,Unknown,Switched to 1.1.1.1,"IPs detected: [None, b'vscode-cdn.z01.azurefd.net.']"
2025-10-28 11:04:39.981798,DNS Spoofing,Unknown,Switched to 1.1.1.1,"IPs detected: [None, b'vscode-cdn.z01.azurefd.net.']"
2025-10-28 11:04:43.122500,DNS Spoofing,Unknown,Switched to 1.1.1.1,"IPs detected: [None, b'vscode-cdn.z01.azurefd.net.']"
2025-10-28 11:04:45.765770,DNS Spoofing,Unknown,Switched to 1.1.1.1,"IPs detected: [None, b'vscode-cdn.z01.azurefd.net.']"
2025-10-28 11:04:48.171583,DNS Spoofing,Unknown,Switched to 1.1.1.1,"IPs detected: [None, b'vscode-cdn.z01.azurefd.net.']"
2025-10-28 11:04:51.830960,DNS Spoofing,Unknown,Switched to 1.1.1.1,"IPs detected: [None, b'vscode-cdn.z01.azurefd.net.']"
2025-10-28 11:04:56.168366,DNS Spoofing,Unknown,Switched to 1.1.1.1,"IPs detected: [None, b'vscode-cdn.z01.azurefd.net.']"
2025-10-28 11:05:01.502702,DNS Spoofing,Unknown,Switched to 1.1.1.1,"IPs detected: [None, b'vscode-cdn.z01.azurefd.net.']"
2025-10-28 11:05:07.237885,DNS Spoofing,Unknown,Switched to 1.1.1.1,"IPs detected: [None, b'vscode-cdn.z01.azurefd.net.']"
2025-10-28 11:05:09.920044,DNS Spoofing,Unknown,Switched to 1.1.1.1,"IPs detected: [None, b'vscode-cdn.z01.azurefd.net.']"
2025-10-28 11:05:27.082142,DNS Spoofing,Unknown,Switched to 1.1.1.1,"IPs detected: [None, b'scontent.whatsapp.net.']"
2025-10-28 11:05:29.983279,DNS Spoofing,Unknown,Switched to 1.1.1.1,"IPs detected: [None, b'scontent.whatsapp.net.']"
2025-10-28 11:05:33.181839,DNS Spoofing,Unknown,Switched to 1.1.1.1,"IPs detected: [None, b'scontent.whatsapp.net.']"
2025-10-28 11:05:38.792210,DNS Spoofing,Unknown,Switched to 1.1.1.1,"IPs detected: [None, b'scontent.whatsapp.net.']"
2025-10-28 11:05:44.941479,DNS Spoofing,Unknown,Switched to 1.1.1.1,"IPs detected: [None, b'scontent.whatsapp.net.']"
2025-10-28 11:05:47.820638,DNS Spoofing,Unknown,Switched to 1.1.1.1,"IPs detected: [None, b'scontent.whatsapp.net.']"
2025-10-28 11:05:50.475408,DNS Spoofing,Unknown,Switched to 1.1.1.1,"IPs detected: [None, b'scontent.whatsapp.net.']"
2025-10-28 11:05:52.484044,DNS Spoofing,Unknown,Switched to 1.1.1.1,"IPs detected: [None, b'mmx-ds.cdn.whatsapp.net.']"
2025-10-28 11:05:54.669672,DNS Spoofing,Unknown,Switched to 1.1.1.1,"IPs detected: [None, '2606:4700:83b0:5eb1:ab3b:42d:e4cb:86d5', '172.64.146.98']"
2025-10-29 07:41:17.515265,DNS Spoofing,Unknown,Switched to 1.1.1.1,"IPs detected: [None, b'mobile.events.data.trafficmanager.net.']"
2025-10-29 07:41:23.194152,DNS Spoofing,Unknown,Switched to 1.1.1.1,"IPs detected: [None, b'mobile.events.data.trafficmanager.net.']"
2025-10-29 07:41:27.205160,DNS Spoofing,Unknown,Switched to 1.1.1.1,"IPs detected: [None, b'mobile.events.data.trafficmanager.net.']"
2025-10-29 07:41:29.340424,DNS Spoofing,Unknown,Switched to 1.1.1.1,"IPs detected: [None, b'mobile.events.data.trafficmanager.net.']"
2025-10-29 07:41:33.696320,DNS Spoofing,Unknown,Switched to 1.1.1.1,"IPs detected: [None, b'mobile.events.data.trafficmanager.net.']"
2025-10-29 07:41:44.014036,DNS Spoofing,Unknown,Switched to 1.1.1.1,"IPs detected: [None, b'mobile.events.data.trafficmanager.net.']"
2025-10-29 07:41:46.034487,DNS Spoofing,Unknown,Switched to 1.1.1.1,"IPs detected: [None, b'mobile.events.data.trafficmanager.net.']"
2025-10-29 07:41:49.025796,DNS Spoofing,Unknown,Switched to 1.1.1.1,"IPs detected: [None, b'mobile.events.data.trafficmanager.net.']"
2025-10-29 07:41:51.291954,DNS Spoofing,Unknown,Switched to 1.1.1.1,"IPs detected: [None, b'mobile.events.data.trafficmanager.net.']"
2025-10-29 07:41:54.346310,DNS Spoofing,Unknown,Switched to 1.1.1.1,"IPs detected: [None, b'mobile.events.data.trafficmanager.net.']"
2025-10-29 07:41:58.006038,DNS Spoofing,Unknown,Switched to 1.1.1.1,"IPs detected: [None, b'mobile.events.data.trafficmanager.net.']"
2025-10-29 07:42:04.844666,DNS Spoofing,Unknown,Switched to 1.1.1.1,"IPs detected: [None, b'mobile.events.data.trafficmanager.net.']"
2025-10-29 07:42:06.947058,DNS Spoofing,Unknown,Switched to 1.1.1.1,"IPs detected: [None, b'mobile.events.data.trafficmanager.net.']"
2025-10-29 07:42:10.954236,DNS Spoofing,Unknown,Switched to 1.1.1.1,"IPs detected: [None, b'mobile.events.data.trafficmanager.net.']"
2025-10-29 07:42:17.147789,DNS Spoofing,Unknown,Switched to 1.1.1.1,"IPs detected: [None, b'mobile.events.data.trafficmanager.net.']"
2025-10-29 07:42:33.204283,DNS Spoofing,Unknown,Switched to 1.1.1.1,"IPs detected: [None, b'mobile.events.data.trafficmanager.net.']"
2025-10-29 07:42:37.065557,DNS Spoofing,Unknown,Switched to 1.1.1.1,"IPs detected: [None, b'mobile.events.data.trafficmanager.net.']"
2025-10-29 07:42:51.880320,DNS Spoofing,Unknown,Switched to 1.1.1.1,"IPs detected: [None, b'mobile.events.data.trafficmanager.net.']"
2025-10-29 07:42:57.041646,DNS Spoofing,Unknown,Switched to 1.1.1.1,"IPs detected: [None, b'mobile.events.data.trafficmanager.net.']"
2025-10-29 07:43:00.310933,DNS Spoofing,Unknown,Switched to 1.1.1.1,"IPs detected: [None, b'mobile.events.data.trafficmanager.net.']"
2025-10-29 07:43:04.613647,DNS Spoofing,Unknown,Switched to 1.1.1.1,"IPs detected: [None, '172.64.144.52']"
2025-10-29 07:43:08.595753,DNS Spoofing,Unknown,Switched to 1.1.1.1,"IPs detected: [None, b'vscode-cdn.z01.azurefd.net.']"
2025-10-29 07:43:10.634256,DNS Spoofing,Unknown,Switched to 1.1.1.1,"IPs detected: [None, b'vscode-cdn.z01.azurefd.net.']"
2025-10-29 07:43:13.017150,DNS Spoofing,Unknown,Switched to 1.1.1.1,"IPs detected: [None, b'vscode-cdn.z01.azurefd.net.']"
2025-10-29 07:44:01.878974,DNS Spoofing,Unknown,Switched to 1.1.1.1,"IPs detected: [None, '3.233.158.114']"
2025-10-29 07:44:03.949477,DNS Spoofing,Unknown,Switched to 1.1.1.1,"IPs detected: [None, '3.233.158.114']"
2025-10-29 07:44:05.957892,DNS Spoofing,Unknown,Switched to 1.1.1.1,"IPs detected: [None, '3.233.158.114']"
2025-10-29 07:44:08.092265,DNS Spoofing,Unknown,Switched to 1.1.1.1,"IPs detected: [None, '3.233.158.114']"
2025-10-29 07:44:10.141908,DNS Spoofing,Unknown,Switched to 1.1.1.1,"IPs detected: [None, '3.233.158.114']"
2025-10-29 07:46:24.801571,DNS Spoofing,Unknown,Switched to 1.1.1.1,"IPs detected: [None, b'copilot-proxy.githubusercontent.com.']"
2025-10-29 07:46:26.900743,DNS Spoofing,Unknown,Switched to 1.1.1.1,"IPs detected: [None, b'copilot-proxy.githubusercontent.com.']"
2025-10-29 07:46:29.059086,DNS Spoofing,Unknown,Switched to 1.1.1.1,"IPs detected: [None, b'copilot-proxy.githubusercontent.com.']"
2025-10-29 07:46:31.009262,DNS Spoofing,Unknown,Switched to 1.1.1.1,"IPs detected: [None, b'copilot-proxy.githubusercontent.com.']"
2025-10-29 07:46:34.576427,DNS Spoofing,Unknown,Switched to 1.1.1.1,"IPs detected: [None, b'mobile.events.data.trafficmanager.net.']"
2025-10-29 07:46:38.311467,DNS Spoofing,Unknown,Switched to 1.1.1.1,"IPs detected: [None, b'mobile.events.data.trafficmanager.net.']"
2025-10-29 07:46:40.412841,DNS Spoofing,Unknown,Switched to 1.1.1.1,"IPs detected: [None, b'mozilla.map.fastly.net.']"
2025-10-29 07:46:42.481314,DNS Spoofing,Unknown,Switched to 1.1.1.1,"IPs detected: [None, b'mobile.events.data.trafficmanager.net.']"
2025-10-29 07:46:48.305611,DNS Spoofing,Unknown,Switched to 1.1.1.1,"IPs detected: [None, b'mobile.events.data.trafficmanager.net.']"
2025-10-29 07:46:52.914772,DNS Spoofing,Unknown,Switched to 1.1.1.1,"IPs detected: [None, b'mobile.events.data.trafficmanager.net.']"
2025-10-29 07:46:57.171532,DNS Spoofing,Unknown,Switched to 1.1.1.1,"IPs detected: [None, b'mobile.events.data.trafficmanager.net.']"
2025-10-29 07:47:03.450215,DNS Spoofing,Unknown,Switched to 1.1.1.1,"IPs detected: [None, b'mobile.events.data.trafficmanager.net.']"
2025-10-29 07:47:13.996268,DNS Spoofing,Unknown,Switched to 1.1.1.1,"IPs detected: [None, b'copilot-telemetry-service.githubusercontent.com.']"
2025-10-29 07:47:19.829440,DNS Spoofing,Unknown,Switched to 1.1.1.1,"IPs detected: [None, b'copilot-telemetry-service.githubusercontent.com.']"
2025-10-29 07:47:23.396684,DNS Spoofing,Unknown,Switched to 1.1.1.1,"IPs detected: [None, b'mobile.events.data.trafficmanager.net.']"
2025-10-29 07:47:27.079015,DNS Spoofing,Unknown,Switched to 1.1.1.1,"IPs detected: [None, b'mobile.events.data.trafficmanager.net.']"
2025-10-29 07:47:30.109864,DNS Spoofing,Unknown,Switched to 1.1.1.1,"IPs detected: [None, b'mobile.events.data.trafficmanager.net.']"
2025-10-29 07:47:33.560350,DNS Spoofing,Unknown,Switched to 1.1.1.1,"IPs detected: [None, b'mobile.events.data.trafficmanager.net.']"
2025-10-29 07:47:37.110974,DNS Spoofing,Unknown,Switched to 1.1.1.1,"IPs detected: [None, b'mobile.events.data.trafficmanager.net.']"
2025-10-29 07:47:43.652592,DNS Spoofing,Unknown,Switched to 1.1.1.1,"IPs detected: [None, b'mobile.events.data.trafficmanager.net.']"
2025-10-29 07:47:45.878524,DNS Spoofing,Unknown,Switched to 1.1.1.1,"IPs detected: [None, '3.233.158.111']"
2025-10-29 07:47:48.770507,DNS Spoofing,Unknown,Switched to 1.1.1.1,"IPs detected: [None, '3.233.158.111']"
2025-10-29 07:47:53.837125,DNS Spoofing,Unknown,Switched to 1.1.1.1,"IPs detected: [None, '3.233.158.111']"
2025-10-29 07:47:58.830472,DNS Spoofing,Unknown,Switched to 1.1.1.1,"IPs detected: [None, b'mobile.events.data.trafficmanager.net.']"
2025-10-29 07:48:03.278606,DNS Spoofing,Unknown,Switched to 1.1.1.1,"IPs detected: [None, b'mobile.events.data.trafficmanager.net.']"
2025-10-29 07:48:06.187335,DNS Spoofing,Unknown,Switched to 1.1.1.1,"IPs detected: [None, b'mobile.events.data.trafficmanager.net.']"
2025-10-29 07:48:08.972815,DNS Spoofing,Unknown,Switched to 1.1.1.1,"IPs detected: [None, b'vscode-cdn.z01.azurefd.net.']"
2025-10-29 07:48:11.296224,DNS Spoofing,Unknown,Switched to 1.1.1.1,"IPs detected: [None, b'vscode-cdn.z01.azurefd.net.']"
2025-10-29 07:48:13.371364,DNS Spoofing,Unknown,Switched to 1.1.1.1,"IPs detected: [None, b'vscode-cdn.z01.azurefd.net.']"
2025-10-29 07:48:18.152289,DNS Spoofing,Unknown,Switched to 1.1.1.1,"IPs detected: [None, b'vscode-cdn.z01.azurefd.net.']"
2025-10-29 07:48:23.681751,DNS Spoofing,Unknown,Switched to 1.1.1.1,"IPs detected: [None, b'westus-0.in.ai.monitor.azure.com.']"
2025-10-29 07:48:25.721482,DNS Spoofing,Unknown,Switched to 1.1.1.1,"IPs detected: [None, b'westus-0.in.ai.monitor.azure.com.']"
2025-10-29 07:48:29.335938,DNS Spoofing,Unknown,Switched to 1.1.1.1,"IPs detected: [None, b'westus-0.in.ai.monitor.azure.com.']"
2025-10-29 07:48:32.942319,DNS Spoofing,Unknown,Switched to 1.1.1.1,"IPs detected: [None, b'westus-0.in.ai.monitor.azure.com.']"
2025-10-29 07:48:37.035796,DNS Spoofing,Unknown,Switched to 1.1.1.1,"IPs detected: [None, b'mobile.events.data.trafficmanager.net.']"
2025-10-29 07:49:04.245454,DNS Spoofing,Unknown,Switched to 1.1.1.1,"IPs detected: [None, b'mobile.events.data.trafficmanager.net.']"
2025-10-29 07:49:06.256986,DNS Spoofing,Unknown,Switched to 1.1.1.1,"IPs detected: [None, b'mobile.events.data.trafficmanager.net.']"
2025-10-29 07:49:08.392748,DNS Spoofing,Unknown,Switched to 1.1.1.1,"IPs detected: [None, b'mobile.events.data.trafficmanager.net.']"
2025-10-29 07:49:16.398125,DNS Spoofing,Unknown,Switched to 1.1.1.1,"IPs detected: [None, b'copilot-proxy.githubusercontent.com.']"
2025-10-29 07:49:18.399241,DNS Spoofing,Unknown,Switched to 1.1.1.1,"IPs detected: [None, b'copilot-telemetry-service.githubusercontent.com.']"
2025-10-29 07:49:28.462422,DNS Spoofing,Unknown,Switched to 1.1.1.1,"IPs detected: [None, b'mobile.events.data.trafficmanager.net.']"
2025-10-29 07:49:32.555280,DNS Spoofing,Unknown,Switched to 1.1.1.1,"IPs detected: [None, b'copilot-telemetry-service.githubusercontent.com.']"
2025-10-29 07:49:41.657626,DNS Spoofing,Unknown,Switched to 1.1.1.1,"IPs detected: [None, b'mobile.events.data.trafficmanager.net.']"
2025-10-29 07:49:45.163141,DNS Spoofing,Unknown,Switched to 1.1.1.1,"IPs detected: [None, b'mobile.events.data.trafficmanager.net.']"
2025-10-29 07:49:47.342841,DNS Spoofing,Unknown,Switched to 1.1.1.1,"IPs detected: [None, b'mobile.events.data.trafficmanager.net.']"
2025-10-29 07:49:49.470698,DNS Spoofing,Unknown,Switched to 1.1.1.1,"IPs detected: [None, b'mobile.events.data.trafficmanager.net.']"
2025-10-29 07:49:51.709611,DNS Spoofing,Unknown,Switched to 1.1.1.1,"IPs detected: [None, b'mobile.events.data.trafficmanager.net.']"
2025-10-29 07:50:20.332745,DNS Spoofing,Unknown,Switched to 1.1.1.1,"IPs detected: [None, b'mobile.events.data.trafficmanager.net.']"
2025-10-29 07:50:32.649192,DNS Spoofing,Unknown,Switched to 1.1.1.1,"IPs detected: [None, b'mobile.events.data.trafficmanager.net.']"
2025-10-29 07:50:36.454524,DNS Spoofing,Unknown,Switched to 1.1.1.1,"IPs detected: [None, b'mobile.events.data.trafficmanager.net.']"
2025-10-29 07:50:47.051757,DNS Spoofing,Unknown,Switched to 1.1.1.1,"IPs detected: [None, b'mobile.events.data.trafficmanager.net.']"
2025-10-29 07:51:17.858913,DNS Spoofing,Unknown,Switched to 1.1.1.1,"IPs detected: [None, b'mobile.events.data.trafficmanager.net.']"
2025-10-29 07:51:23.069918,DNS Spoofing,Unknown,Switched to 1.1.1.1,"IPs detected: [None, b'mobile.events.data.trafficmanager.net.']"
2025-10-29 07:51:30.997278,DNS Spoofing,Unknown,Switched to 1.1.1.1,"IPs detected: [None, b'mobile.events.data.trafficmanager.net.']"
2025-10-29 07:51:34.476664,DNS Spoofing,Unknown,Switched to 1.1.1.1,"IPs detected: [None, b'mobile.events.data.trafficmanager.net.']"
2025-10-29 07:51:41.894676,DNS Spoofing,Unknown,Switched to 1.1.1.1,"IPs detected: [None, b'mobile.events.data.trafficmanager.net.']"
2025-10-29 07:51:51.318832,DNS Spoofing,Unknown,Switched to 1.1.1.1,"IPs detected: [None, b'mobile.events.data.trafficmanager.net.']"
2025-10-29 07:52:07.288098,DNS Spoofing,Unknown,Switched to 1.1.1.1,"IPs detected: [None, b'mobile.events.data.trafficmanager.net.']"
2025-10-29 07:52:20.983033,DNS Spoofing,Unknown,Switched to 1.1.1.1,"IPs detected: [None, b'mobile.events.data.trafficmanager.net.']"
2025-10-29 07:52:26.523486,DNS Spoofing,Unknown,Switched to 1.1.1.1,"IPs detected: [None, b'mobile.events.data.trafficmanager.net.']"
2025-10-29 07:52:28.551743,DNS Spoofing,Unknown,Switched to 1.1.1.1,"IPs detected: [None, b'mobile.events.data.trafficmanager.net.']"
2025-10-29 07:52:36.772368,DNS Spoofing,Unknown,Switched to 1.1.1.1,"IPs detected: [None, b'mobile.events.data.trafficmanager.net.']"
2025-10-29 07:53:03.934476,DNS Spoofing,Unknown,Switched to 1.1.1.1,"IPs detected: [None, b'mobile.events.data.trafficmanager.net.']"
2025-10-29 07:53:06.276390,DNS Spoofing,Unknown,Switched to 1.1.1.1,"IPs detected: [None, b'mmx-ds.cdn.whatsapp.net.']"
2025-10-29 07:53:10.059116,DNS Spoofing,Unknown,Switched to 1.1.1.1,"IPs detected: [None, b'mmx-ds.cdn.whatsapp.net.']"
2025-10-29 07:53:16.991629,DNS Spoofing,Unknown,Switched to 1.1.1.1,"IPs detected: [None, b'mmx-ds.cdn.whatsapp.net.']"
2025-10-29 07:53:46.924320,DNS Spoofing,Unknown,Switched to 1.1.1.1,"IPs detected: [None, b'static.whatsapp.net.']"
2025-10-29 07:53:52.071389,DNS Spoofing,Unknown,Switched to 1.1.1.1,"IPs detected: [None, b'static.whatsapp.net.']"
2025-10-29 07:53:55.358932,DNS Spoofing,Unknown,Switched to 1.1.1.1,"IPs detected: [None, b'static.whatsapp.net.']"
2025-10-29 07:53:57.928464,DNS Spoofing,Unknown,Switched to 1.1.1.1,"IPs detected: [None, b'static.whatsapp.net.']"
2025-10-29 07:54:00.278323,DNS Spoofing,Unknown,Switched to 1.1.1.1,"IPs detected: [None, b'static.whatsapp.net.']"
2025-10-29 07:54:03.189824,DNS Spoofing,Unknown,Switched to 1.1.1.1,"IPs detected: [None, b'static.whatsapp.net.']"
2025-10-29 07:54:05.438107,DNS Spoofing,Unknown,Switched to 1.1.1.1,"IPs detected: [None, b'static.whatsapp.net.']"
2025-10-29 07:56:36.974067,DNS Spoofing,Unknown,Switched to 1.1.1.1,"IPs detected: [None, '34.107.243.93']"
2025-10-29 07:56:40.459788,DNS Spoofing,Unknown,Switched to 1.1.1.1,"IPs detected: [None, '34.107.243.93']"
2025-10-29 07:56:49.422195,DNS Spoofing,Unknown,Switched to 1.1.1.1,"IPs detected: [None, '34.107.243.93']"
2025-10-29 07:56:52.926656,DNS Spoofing,Unknown,Switched to 1.1.1.1,"IPs detected: [None, '34.107.243.93']"
2025-10-29 07:56:58.342392,DNS Spoofing,Unknown,Switched to 1.1.1.1,"IPs detected: [None, '34.107.243.93']"
2025-10-29 07:57:03.408738,DNS Spoofing,Unknown,Switched to 1.1.1.1,"IPs detected: [None, '34.107.243.93']"
2025-10-29 07:57:06.865143,DNS Spoofing,Unknown,Switched to 1.1.1.1,"IPs detected: [None, b'mozilla.map.fastly.net.']"
2025-10-29 07:57:24.045962,DNS Spoofing,Unknown,Switched to 1.1.1.1,"IPs detected: [None, b'mozilla.map.fastly.net.']"
2025-10-29 07:57:32.452172,DNS Spoofing,Unknown,Switched to 1.1.1.1,"IPs detected: [None, b'mozilla.map.fastly.net.']"
2025-10-29 07:57:37.881313,DNS Spoofing,Unknown,Switched to 1.1.1.1,"IPs detected: [None, b'mozilla.map.fastly.net.']"
2025-10-29 07:57:40.037953,DNS Spoofing,Unknown,Switched to 1.1.1.1,"IPs detected: [None, b'mozilla.map.fastly.net.']"
2025-10-29 07:57:43.079598,DNS Spoofing,Unknown,Switched to 1.1.1.1,"IPs detected: [None, b'mozilla.map.fastly.net.']"
2025-10-29 07:57:53.305154,DNS Spoofing,Unknown,Switched to 1.1.1.1,"IPs detected: [None, b'mozilla.map.fastly.net.']"
2025-10-29 07:58:06.219791,DNS Spoofing,Unknown,Switched to 1.1.1.1,"IPs detected: [None, b'mozilla.map.fastly.net.']"
2025-10-29 07:58:08.220026,DNS Spoofing,Unknown,Switched to 1.1.1.1,"IPs detected: [None, b'mobile.events.data.trafficmanager.net.']"
2025-10-29 07:58:13.143789,DNS Spoofing,Unknown,Switched to 1.1.1.1,"IPs detected: [None, b'vscode-cdn.z01.azurefd.net.']"
2025-10-29 07:58:16.548242,DNS Spoofing,Unknown,Switched to 1.1.1.1,"IPs detected: [None, b'vscode-cdn.z01.azurefd.net.']"
2025-10-29 07:58:19.707222,DNS Spoofing,Unknown,Switched to 1.1.1.1,"IPs detected: [None, b'vscode-cdn.z01.azurefd.net.']"
2025-10-29 07:58:21.791729,DNS Spoofing,Unknown,Switched to 1.1.1.1,"IPs detected: [None, b'vscode-cdn.z01.azurefd.net.']"
2025-10-29 07:58:24.114310,DNS Spoofing,Unknown,Switched to 1.1.1.1,"IPs detected: [None, b'vscode-cdn.z01.azurefd.net.']"
2025-10-29 07:58:26.266874,DNS Spoofing,Unknown,Switched to 1.1.1.1,"IPs detected: [None, b'vscode-cdn.z01.azurefd.net.']"
2025-10-29 07:58:30.826795,DNS Spoofing,Unknown,Switched to 1.1.1.1,"IPs detected: [None, b'vscode-cdn.z01.azurefd.net.']"
2025-10-29 07:58:37.220809,DNS Spoofing,Unknown,Switched to 1.1.1.1,"IPs detected: [None, b'vscode-cdn.z01.azurefd.net.']"
2025-10-29 07:58:39.781947,DNS Spoofing,Unknown,Switched to 1.1.1.1,"IPs detected: [None, b'mmx-ds.cdn.whatsapp.net.']"
2025-10-29 07:58:43.143594,DNS Spoofing,Unknown,Switched to 1.1.1.1,"IPs detected: [None, b'mmx-ds.cdn.whatsapp.net.']"
2025-10-29 07:58:52.897982,DNS Spoofing,Unknown,Switched to 1.1.1.1,"IPs detected: [None, b'mmx-ds.cdn.whatsapp.net.']"
2025-10-29 07:58:58.771479,DNS Spoofing,Unknown,Switched to 1.1.1.1,"IPs detected: [None, b'mmx-ds.cdn.whatsapp.net.']"
2025-10-29 07:59:03.885499,DNS Spoofing,Unknown,Switched to 1.1.1.1,"IPs detected: [None, b'mmx-ds.cdn.whatsapp.net.']"
2025-10-29 07:59:06.936206,DNS Spoofing,Unknown,Switched to 1.1.1.1,"IPs detected: [None, b'mmx-ds.cdn.whatsapp.net.']"
2025-10-29 07:59:13.913269,DNS Spoofing,Unknown,Switched to 1.1.1.1,"IPs detected: [None, b'mmx-ds.cdn.whatsapp.net.']"
2025-10-29 07:59:16.724357,DNS Spoofing,Unknown,Switched to 1.1.1.1,"IPs detected: [None, b'mmx-ds.cdn.whatsapp.net.']"
2025-10-29 07:59:18.726128,DNS Spoofing,Unknown,Switched to 1.1.1.1,"IPs detected: [None, b'mmx-ds.cdn.whatsapp.net.']"
2025-10-29 07:59:24.916714,DNS Spoofing,Unknown,Switched to 1.1.1.1,"IPs detected: [None, b'mmx-ds.cdn.whatsapp.net.']"
2025-10-29 07:59:27.013446,DNS Spoofing,Unknown,Switched to 1.1.1.1,"IPs detected: [None, b'mmx-ds.cdn.whatsapp.net.']"
2025-10-29 07:59:29.939711,DNS Spoofing,Unknown,Switched to 1.1.1.1,"IPs detected: [None, b'mmx-ds.cdn.whatsapp.net.']"
2025-10-29 07:59:36.879576,DNS Spoofing,Unknown,Switched to 1.1.1.1,"IPs detected: [None, b'mmx-ds.cdn.whatsapp.net.']"
2025-10-29 07:59:42.307373,DNS Spoofing,Unknown,Switched to 1.1.1.1,"IPs detected: [None, b'mmx-ds.cdn.whatsapp.net.']"
2025-10-29 07:59:48.552901,DNS Spoofing,Unknown,Switched to 1.1.1.1,"IPs detected: [None, b'mmx-ds.cdn.whatsapp.net.']"
2025-10-29 08:00:02.934655,DNS Spoofing,Unknown,Switched to 1.1.1.1,"IPs detected: [None, b'mmx-ds.cdn.whatsapp.net.']"
2025-10-29 08:00:17.437708,DNS Spoofing,Unknown,Switched to 1.1.1.1,"IPs detected: [None, b'mmx-ds.cdn.whatsapp.net.']"
2025-10-29 08:00:22.836608,DNS Spoofing,Unknown,Switched to 1.1.1.1,"IPs detected: [None, b'mmx-ds.cdn.whatsapp.net.']"
2025-10-29 08:00:31.488970,DNS Spoofing,Unknown,Switched to 1.1.1.1,"IPs detected: [None, '2a03:2880:f36a:120:face:b00c:0:167', '57.144.213.32']"
2025-10-29 08:00:36.724433,DNS Spoofing,Unknown,Switched to 1.1.1.1,"IPs detected: [None, '2a03:2880:f36a:120:face:b00c:0:167', '57.144.213.32']"
2025-10-29 08:00:47.062775,DNS Spoofing,Unknown,Switched to 1.1.1.1,"IPs detected: [None, '2a03:2880:f36a:120:face:b00c:0:167', '57.144.213.32']"
2025-10-29 08:00:54.119974,DNS Spoofing,Unknown,Switched to 1.1.1.1,"IPs detected: [None, '2a03:2880:f36a:120:face:b00c:0:167', '57.144.213.32']"
2025-10-29 08:00:56.179775,DNS Spoofing,Unknown,Switched to 1.1.1.1,"IPs detected: [None, '172.64.155.209']"
2025-10-29 08:00:59.287509,DNS Spoofing,Unknown,Switched to 1.1.1.1,"IPs detected: [None, '172.64.155.209']"
2025-10-29 08:01:01.706763,DNS Spoofing,Unknown,Switched to 1.1.1.1,"IPs detected: [None, '172.64.155.209']"
2025-10-29 08:01:03.738250,DNS Spoofing,Unknown,Switched to 1.1.1.1,"IPs detected: [None, '2600:1f18:24e6:b901:72e3:1bfe:b271:96b2', '3.233.158.111']"
2025-10-29 08:01:17.203272,DNS Spoofing,Unknown,Switched to 1.1.1.1,"IPs detected: [None, '2404:a800:6:301:face:b00c:3333:7020', '116.119.224.34']"
2025-10-29 08:01:23.601270,DNS Spoofing,Unknown,Switched to 1.1.1.1,"IPs detected: [None, '2404:a800:6:301:face:b00c:3333:7020', '116.119.224.34']"
2025-10-29 08:01:25.745802,DNS Spoofing,Unknown,Switched to 1.1.1.1,"IPs detected: [None, '2404:a800:6:301:face:b00c:3333:7020', '116.119.224.34']"
2025-10-29 08:01:28.087232,DNS Spoofing,Unknown,Switched to 1.1.1.1,"IPs detected: [None, '2404:a800:6:301:face:b00c:3333:7020', '116.119.224.34']"
2025-10-29 08:01:34.396812,DNS Spoofing,Unknown,Switched to 1.1.1.1,"IPs detected: [None, '2404:a800:6:301:face:b00c:3333:7020', '116.119.224.34']"
2025-10-29 08:01:38.199743,DNS Spoofing,Unknown,Switched to 1.1.1.1,"IPs detected: [None, '2404:a800:6:301:face:b00c:3333:7020', '116.119.224.34']"
2025-10-29 08:01:47.689770,DNS Spoofing,Unknown,Switched to 1.1.1.1,"IPs detected: [None, '2404:a800:6:301:face:b00c:3333:7020', '116.119.224.34']"
2025-10-29 08:01:54.775996,DNS Spoofing,Unknown,Switched to 1.1.1.1,"IPs detected: [None, '2404:a800:6:301:face:b00c:3333:7020', '116.119.224.34']"
2025-10-29 08:01:59.446793,DNS Spoofing,Unknown,Switched to 1.1.1.1,"IPs detected: [None, '2404:a800:6:301:face:b00c:3333:7020', '116.119.224.34']"
2025-10-29 08:02:01.731082,DNS Spoofing,Unknown,Switched to 1.1.1.1,"IPs detected: [None, '2404:a800:6:301:face:b00c:3333:7020', '116.119.224.34']"
2025-10-29 08:02:04.310711,DNS Spoofing,Unknown,Switched to 1.1.1.1,"IPs detected: [None, '2404:a800:6:301:face:b00c:3333:7020', '116.119.224.34']"
2025-10-29 08:02:10.250089,DNS Spoofing,Unknown,Switched to 1.1.1.1,"IPs detected: [None, '2404:a800:6:301:face:b00c:3333:7020', '116.119.224.34']"
2025-10-29 08:02:13.055452,DNS Spoofing,Unknown,Switched to 1.1.1.1,"IPs detected: [None, '2404:a800:6:301:face:b00c:3333:7020', '116.119.224.34']"
2025-10-29 08:02:17.096973,DNS Spoofing,Unknown,Switched to 1.1.1.1,"IPs detected: [None, '2404:a800:6:301:face:b00c:3333:7020', '116.119.224.34']"
2025-10-29 08:02:28.295727,DNS Spoofing,Unknown,Switched to 1.1.1.1,"IPs detected: [None, '2404:a800:6:301:face:b00c:3333:7020', '116.119.224.34']"
2025-10-29 08:02:42.188217,DNS Spoofing,Unknown,Switched to 1.1.1.1,"IPs detected: [None, '2404:a800:6:301:face:b00c:3333:7020', '116.119.224.34']"
2025-10-29 08:02:44.357219,DNS Spoofing,Unknown,Switched to 1.1.1.1,"IPs detected: [None, '2404:a800:6:301:face:b00c:3333:7020', '116.119.224.34']"
2025-10-29 08:02:50.907343,DNS Spoofing,Unknown,Switched to 1.1.1.1,"IPs detected: [None, b'mmx-ds.cdn.whatsapp.net.']"
2025-10-29 08:03:02.321648,DNS Spoofing,Unknown,Switched to 1.1.1.1,"IPs detected: [None, b'mmx-ds.cdn.whatsapp.net.']"
2025-10-29 08:03:06.792255,DNS Spoofing,Unknown,Switched to 1.1.1.1,"IPs detected: [None, b'mmx-ds.cdn.whatsapp.net.']"
2025-10-29 08:03:08.828463,DNS Spoofing,Unknown,Switched to 1.1.1.1,"IPs detected: [None, b'mmx-ds.cdn.whatsapp.net.']"
2025-10-29 08:03:11.418158,DNS Spoofing,Unknown,Switched to 1.1.1.1,"IPs detected: [None, b'mmx-ds.cdn.whatsapp.net.']"
2025-10-29 08:03:13.485015,DNS Spoofing,Unknown,Switched to 1.1.1.1,"IPs detected: [None, '142.250.207.170']"
2025-10-29 08:03:16.999398,DNS Spoofing,Unknown,Switched to 1.1.1.1,"IPs detected: [None, '142.250.207.170']"
2025-10-29 08:03:20.170517,DNS Spoofing,Unknown,Switched to 1.1.1.1,"IPs detected: [None, b'vscode-cdn.z01.azurefd.net.']"
2025-10-29 08:03:23.191178,DNS Spoofing,Unknown,Switched to 1.1.1.1,"IPs detected: [None, b'vscode-cdn.z01.azurefd.net.']"
2025-10-29 08:03:25.715691,DNS Spoofing,Unknown,Switched to 1.1.1.1,"IPs detected: [None, b'vscode-cdn.z01.azurefd.net.']"
2025-10-29 08:03:28.217303,DNS Spoofing,Unknown,Switched to 1.1.1.1,"IPs detected: [None, b'vscode-cdn.z01.azurefd.net.']"
2025-10-29 08:03:30.509681,DNS Spoofing,Unknown,Switched to 1.1.1.1,"IPs detected: [None, b'vscode-cdn.z01.azurefd.net.']"
2025-10-29 08:03:35.770008,DNS Spoofing,Unknown,Switched to 1.1.1.1,"IPs detected: [None, b'deault-exp-tas-com.e-0014.e-msedge.net.']"
2025-10-29 08:03:44.024524,DNS Spoofing,Unknown,Switched to 1.1.1.1,"IPs detected: [None, b'deault-exp-tas-com.e-0014.e-msedge.net.']"
2025-10-29 08:03:48.639945,DNS Spoofing,Unknown,Switched to 1.1.1.1,"IPs detected: [None, b'deault-exp-tas-com.e-0014.e-msedge.net.']"
2025-10-29 08:03:55.416349,DNS Spoofing,Unknown,Switched to 1.1.1.1,"IPs detected: [None, b'deault-exp-tas-com.e-0014.e-msedge.net.']"
2025-10-29 08:03:57.699608,DNS Spoofing,Unknown,Switched to 1.1.1.1,"IPs detected: [None, b'deault-exp-tas-com.e-0014.e-msedge.net.']"
2025-10-29 08:04:05.110811,DNS Spoofing,Unknown,Switched to 1.1.1.1,"IPs detected: [None, b'deault-exp-tas-com.e-0014.e-msedge.net.']"
2025-10-29 08:04:08.954769,DNS Spoofing,Unknown,Switched to 1.1.1.1,"IPs detected: [None, b'deault-exp-tas-com.e-0014.e-msedge.net.']"
2025-10-29 08:04:13.014443,DNS Spoofing,Unknown,Switched to 1.1.1.1,"IPs detected: [None, b'deault-exp-tas-com.e-0014.e-msedge.net.']"
2025-10-29 08:04:17.989064,DNS Spoofing,Unknown,Switched to 1.1.1.1,"IPs detected: [None, b'deault-exp-tas-com.e-0014.e-msedge.net.']"
2025-10-29 08:04:23.136755,DNS Spoofing,Unknown,Switched to 1.1.1.1,"IPs detected: [None, b'deault-exp-tas-com.e-0014.e-msedge.net.']"
2025-10-29 08:04:36.408803,DNS Spoofing,Unknown,Switched to 1.1.1.1,"IPs detected: [None, b'deault-exp-tas-com.e-0014.e-msedge.net.']"
2025-10-29 08:04:39.017184,DNS Spoofing,Unknown,Switched to 1.1.1.1,"IPs detected: [None, b'deault-exp-tas-com.e-0014.e-msedge.net.']"
2025-10-29 08:04:42.364388,DNS Spoofing,Unknown,Switched to 1.1.1.1,"IPs detected: [None, b'deault-exp-tas-com.e-0014.e-msedge.net.']"
2025-10-29 08:04:55.988462,DNS Spoofing,Unknown,Switched to 1.1.1.1,"IPs detected: [None, b'deault-exp-tas-com.e-0014.e-msedge.net.']"
2025-10-29 08:05:04.159257,DNS Spoofing,Unknown,Switched to 1.1.1.1,"IPs detected: [None, b'deault-exp-tas-com.e-0014.e-msedge.net.']"
2025-10-29 08:05:09.463909,DNS Spoofing,Unknown,Switched to 1.1.1.1,"IPs detected: [None, b'deault-exp-tas-com.e-0014.e-msedge.net.']"
2025-10-29 08:05:17.603013,DNS Spoofing,Unknown,Switched to 1.1.1.1,"IPs detected: [None, b'deault-exp-tas-com.e-0014.e-msedge.net.']"
2025-10-29 08:05:23.740484,DNS Spoofing,Unknown,Switched to 1.1.1.1,"IPs detected: [None, b'deault-exp-tas-com.e-0014.e-msedge.net.']"
2025-10-29 08:05:27.514423,DNS Spoofing,Unknown,Switched to 1.1.1.1,"IPs detected: [None, b'deault-exp-tas-com.e-0014.e-msedge.net.']"
2025-10-29 08:05:33.214374,DNS Spoofing,Unknown,Switched to 1.1.1.1,"IPs detected: [None, b'deault-exp-tas-com.e-0014.e-msedge.net.']"
2025-10-29 08:05:36.373060,DNS Spoofing,Unknown,Switched to 1.1.1.1,"IPs detected: [None, '2404:a800:6:301:face:b00c:3333:7020', '116.119.224.34']"
2025-10-29 08:05:38.839599,DNS Spoofing,Unknown,Switched to 1.1.1.1,"IPs detected: [None, '2404:a800:6:301:face:b00c:3333:7020', '116.119.224.34']"
2025-10-29 08:05:47.500675,DNS Spoofing,Unknown,Switched to 1.1.1.1,"IPs detected: [None, '2404:a800:6:301:face:b00c:3333:7020', '116.119.224.34']"
2025-10-29 08:05:52.035601,DNS Spoofing,Unknown,Switched to 1.1.1.1,"IPs detected: [None, '2404:a800:6:301:face:b00c:3333:7020', '116.119.224.34']"
2025-10-29 08:05:55.534097,DNS Spoofing,Unknown,Switched to 1.1.1.1,"IPs detected: [None, '2404:a800:6:301:face:b00c:3333:7020', '116.119.224.34']"
2025-10-29 08:05:58.499021,DNS Spoofing,Unknown,Switched to 1.1.1.1,"IPs detected: [None, '2404:a800:6:301:face:b00c:3333:7020', '116.119.224.34']"
2025-10-29 08:06:00.451644,DNS Spoofing,Unknown,Switched to 1.1.1.1,"IPs detected: [None, '2404:a800:6:301:face:b00c:3333:7020', '116.119.224.34']"
2025-10-29 08:06:08.765437,DNS Spoofing,Unknown,Switched to 1.1.1.1,"IPs detected: [None, '2404:a800:6:301:face:b00c:3333:7020', '116.119.224.34']"
2025-10-29 08:06:16.541655,DNS Spoofing,Unknown,Switched to 1.1.1.1,"IPs detected: [None, '2404:a800:6:301:face:b00c:3333:7020', '116.119.224.34']"
2025-10-29 08:06:18.605075,DNS Spoofing,Unknown,Switched to 1.1.1.1,"IPs detected: [None, '2404:a800:6:301:face:b00c:3333:7020', '116.119.224.34']"
2025-10-29 08:06:23.652293,DNS Spoofing,Unknown,Switched to 1.1.1.1,"IPs detected: [None, '2404:a800:6:301:face:b00c:3333:7020', '116.119.224.34']"
2025-10-29 08:06:33.615013,DNS Spoofing,Unknown,Switched to 1.1.1.1,"IPs detected: [None, '2404:a800:6:301:face:b00c:3333:7020', '116.119.224.34']"
2025-10-29 08:06:36.560407,DNS Spoofing,Unknown,Switched to 1.1.1.1,"IPs detected: [None, '2404:a800:6:301:face:b00c:3333:7020', '116.119.224.34']"
2025-10-29 08:06:40.281356,DNS Spoofing,Unknown,Switched to 1.1.1.1,"IPs detected: [None, '2404:a800:6:301:face:b00c:3333:7020', '116.119.224.34']"
2025-10-29 08:06:45.630667,DNS Spoofing,Unknown,Switched to 1.1.1.1,"IPs detected: [None, '34.107.243.93']"
2025-10-29 08:06:53.925937,DNS Spoofing,Unknown,Switched to 1.1.1.1,"IPs detected: [None, '34.107.243.93']"
2025-10-29 08:06:59.957074,DNS Spoofing,Unknown,Switched to 1.1.1.1,"IPs detected: [None, '34.107.243.93']"
2025-10-29 08:07:19.252302,DNS Spoofing,Unknown,Switched to 1.1.1.1,"IPs detected: [None, '34.107.243.93']"
2025-10-29 08:07:23.501538,DNS Spoofing,Unknown,Switched to 1.1.1.1,"IPs detected: [None, '34.107.243.93']"
2025-10-29 08:07:33.546148,DNS Spoofing,Unknown,Switched to 1.1.1.1,"IPs detected: [None, '34.107.243.93']"
2025-10-29 08:07:36.968420,DNS Spoofing,Unknown,Switched to 1.1.1.1,"IPs detected: [None, '34.107.243.93']"
2025-10-29 08:07:39.671585,DNS Spoofing,Unknown,Switched to 1.1.1.1,"IPs detected: [None, '34.107.243.93']"
2025-10-29 08:07:44.848697,DNS Spoofing,Unknown,Switched to 1.1.1.1,"IPs detected: [None, '34.107.243.93']"
2025-10-29 08:07:52.997268,DNS Spoofing,Unknown,Switched to 1.1.1.1,"IPs detected: [None, '34.107.243.93']"
2025-10-29 08:07:56.082609,DNS Spoofing,Unknown,Switched to 1.1.1.1,"IPs detected: [None, '34.107.243.93']"
2025-10-29 08:08:08.656219,DNS Spoofing,Unknown,Switched to 1.1.1.1,"IPs detected: [None, b'mozilla.map.fastly.net.']"
2025-10-29 08:08:13.718558,DNS Spoofing,Unknown,Switched to 1.1.1.1,"IPs detected: [None, b'vscode-cdn.z01.azurefd.net.']"
2025-10-29 08:08:15.726815,DNS Spoofing,Unknown,Switched to 1.1.1.1,"IPs detected: [None, b'vscode-cdn.z01.azurefd.net.']"
2025-10-29 08:08:19.523096,DNS Spoofing,Unknown,Switched to 1.1.1.1,"IPs detected: [None, b'vscode-cdn.z01.azurefd.net.']"
2025-10-29 08:08:23.672930,DNS Spoofing,Unknown,Switched to 1.1.1.1,"IPs detected: [None, b'vscode-cdn.z01.azurefd.net.']"
2025-10-29 08:08:38.375825,DNS Spoofing,Unknown,Switched to 1.1.1.1,"IPs detected: [None, b'vscode-cdn.z01.azurefd.net.']"
2025-10-29 08:08:43.935177,DNS Spoofing,Unknown,Switched to 1.1.1.1,"IPs detected: [None, b'vscode-cdn.z01.azurefd.net.']"
2025-10-29 08:08:53.496704,DNS Spoofing,Unknown,Switched to 1.1.1.1,"IPs detected: [None, b'vscode-cdn.z01.azurefd.net.']"
2025-10-29 08:08:57.370001,DNS Spoofing,Unknown,Switched to 1.1.1.1,"IPs detected: [None, b'vscode-cdn.z01.azurefd.net.']"
2025-10-29 08:09:09.710911,DNS Spoofing,Unknown,Switched to 1.1.1.1,"IPs detected: [None, b'vscode-cdn.z01.azurefd.net.']"
2025-10-29 08:09:17.132439,DNS Spoofing,Unknown,Switched to 1.1.1.1,"IPs detected: [None, b'vscode-cdn.z01.azurefd.net.']"
2025-10-29 08:09:20.198844,DNS Spoofing,Unknown,Switched to 1.1.1.1,"IPs detected: [None, b'vscode-cdn.z01.azurefd.net.']"
2025-10-29 08:09:30.846698,DNS Spoofing,Unknown,Switched to 1.1.1.1,"IPs detected: [None, b'vscode-cdn.z01.azurefd.net.']"
2025-10-29 08:09:36.553549,DNS Spoofing,Unknown,Switched to 1.1.1.1,"IPs detected: [None, b'vscode-cdn.z01.azurefd.net.']"
2025-10-29 08:09:39.141851,DNS Spoofing,Unknown,Switched to 1.1.1.1,"IPs detected: [None, b'vscode-cdn.z01.azurefd.net.']"
2025-10-29 08:09:45.575721,DNS Spoofing,Unknown,Switched to 1.1.1.1,"IPs detected: [None, b'vscode-cdn.z01.azurefd.net.']"
2025-10-29 08:09:57.870209,DNS Spoofing,Unknown,Switched to 1.1.1.1,"IPs detected: [None, b'vscode-cdn.z01.azurefd.net.']"
2025-10-29 08:10:00.517234,DNS Spoofing,Unknown,Switched to 1.1.1.1,"IPs detected: [None, b'vscode-cdn.z01.azurefd.net.']"
2025-10-29 08:10:09.091043,DNS Spoofing,Unknown,Switched to 1.1.1.1,"IPs detected: [None, b'vscode-cdn.z01.azurefd.net.']"
2025-10-29 08:10:14.904187,DNS Spoofing,Unknown,Switched to 1.1.1.1,"IPs detected: [None, b'vscode-cdn.z01.azurefd.net.']"
2025-10-29 08:10:19.044633,DNS Spoofing,Unknown,Switched to 1.1.1.1,"IPs detected: [None, b'vscode-cdn.z01.azurefd.net.']"
2025-10-29 08:10:21.039617,DNS Spoofing,Unknown,Switched to 1.1.1.1,"IPs detected: [None, b'vscode-cdn.z01.azurefd.net.']"
2025-10-29 08:10:26.083502,DNS Spoofing,Unknown,Switched to 1.1.1.1,"IPs detected: [None, b'vscode-cdn.z01.azurefd.net.']"
2025-10-29 08:10:44.178139,DNS Spoofing,Unknown,Switched to 1.1.1.1,"IPs detected: [None, b'vscode-cdn.z01.azurefd.net.']"
2025-10-29 08:11:02.939620,DNS Spoofing,Unknown,Switched to 1.1.1.1,"IPs detected: [None, b'vscode-cdn.z01.azurefd.net.']"
2025-10-29 08:11:11.302026,DNS Spoofing,Unknown,Switched to 1.1.1.1,"IPs detected: [None, b'vscode-cdn.z01.azurefd.net.']"
2025-10-29 08:11:21.640752,DNS Spoofing,Unknown,Switched to 1.1.1.1,"IPs detected: [None, b'vscode-cdn.z01.azurefd.net.']"
2025-10-29 08:11:26.755003,DNS Spoofing,Unknown,Switched to 1.1.1.1,"IPs detected: [None, b'vscode-cdn.z01.azurefd.net.']"
2025-10-29 08:11:32.528493,DNS Spoofing,Unknown,Switched to 1.1.1.1,"IPs detected: [None, b'vscode-cdn.z01.azurefd.net.']"
2025-10-29 08:13:14.278365,DNS Spoofing,Unknown,Switched to 1.1.1.1,"IPs detected: [None, b'vscode-cdn.z01.azurefd.net.']"
2025-10-29 08:13:17.157981,DNS Spoofing,Unknown,Switched to 1.1.1.1,"IPs detected: [None, b'vscode-cdn.z01.azurefd.net.']"
2025-10-29 08:13:20.582882,DNS Spoofing,Unknown,Switched to 1.1.1.1,"IPs detected: [None, b'vscode-cdn.z01.azurefd.net.']"
2025-10-29 08:13:23.355319,DNS Spoofing,Unknown,Switched to 1.1.1.1,"IPs detected: [None, b'vscode-cdn.z01.azurefd.net.']"
2025-10-29 08:13:27.576501,DNS Spoofing,Unknown,Switched to 1.1.1.1,"IPs detected: [None, b'vscode-cdn.z01.azurefd.net.']"
2025-10-29 08:13:41.340088,DNS Spoofing,Unknown,Switched to 1.1.1.1,"IPs detected: [None, b'vscode-cdn.z01.azurefd.net.']"
2025-10-29 08:13:48.258728,DNS Spoofing,Unknown,Switched to 1.1.1.1,"IPs detected: [None, b'vscode-cdn.z01.azurefd.net.']"
2025-10-29 08:13:55.494039,DNS Spoofing,Unknown,Switched to 1.1.1.1,"IPs detected: [None, b'vscode-cdn.z01.azurefd.net.']"
2025-10-29 08:14:00.844775,DNS Spoofing,Unknown,Switched to 1.1.1.1,"IPs detected: [None, b'vscode-cdn.z01.azurefd.net.']"
2025-10-29 08:14:03.234483,DNS Spoofing,Unknown,Switched to 1.1.1.1,"IPs detected: [None, b'vscode-cdn.z01.azurefd.net.']"
2025-10-29 08:14:05.256169,DNS Spoofing,Unknown,Switched to 1.1.1.1,"IPs detected: [None, '116.119.195.164', '2404:a800:6:196:face:b00c:3333:7020']"
2025-10-29 08:14:07.784683,DNS Spoofing,Unknown,Switched to 1.1.1.1,"IPs detected: [None, '116.119.195.164', '2404:a800:6:196:face:b00c:3333:7020']"
2025-10-29 08:14:10.185100,DNS Spoofing,Unknown,Switched to 1.1.1.1,"IPs detected: [None, '116.119.195.164', '2404:a800:6:196:face:b00c:3333:7020']"
2025-10-29 08:14:13.655378,DNS Spoofing,Unknown,Switched to 1.1.1.1,"IPs detected: [None, '116.119.195.164', '2404:a800:6:196:face:b00c:3333:7020']"
2025-10-29 08:14:16.235885,DNS Spoofing,Unknown,Switched to 1.1.1.1,"IPs detected: [None, '116.119.195.164', '2404:a800:6:196:face:b00c:3333:7020']"
2025-10-29 08:14:18.803051,DNS Spoofing,Unknown,Switched to 1.1.1.1,"IPs detected: [None, '116.119.195.164', '2404:a800:6:196:face:b00c:3333:7020']"
2025-10-29 08:14:23.400963,DNS Spoofing,Unknown,Switched to 1.1.1.1,"IPs detected: [None, '116.119.195.164', '2404:a800:6:196:face:b00c:3333:7020']"
2025-10-29 08:14:27.100421,DNS Spoofing,Unknown,Switched to 1.1.1.1,"IPs detected: [None, '116.119.195.164', '2404:a800:6:196:face:b00c:3333:7020']"
2025-10-29 08:14:31.727651,DNS Spoofing,Unknown,Switched to 1.1.1.1,"IPs detected: [None, '116.119.195.164', '2404:a800:6:196:face:b00c:3333:7020']"
2025-10-29 08:14:34.203833,DNS Spoofing,Unknown,Switched to 1.1.1.1,"IPs detected: [None, '116.119.195.164', '2404:a800:6:196:face:b00c:3333:7020']"
2025-10-29 08:14:39.856130,DNS Spoofing,Unknown,Switched to 1.1.1.1,"IPs detected: [None, '116.119.195.164', '2404:a800:6:196:face:b00c:3333:7020']"
2025-10-29 08:14:44.378177,DNS Spoofing,Unknown,Switched to 1.1.1.1,"IPs detected: [None, '116.119.195.164', '2404:a800:6:196:face:b00c:3333:7020']"
2025-10-29 08:14:47.692948,DNS Spoofing,Unknown,Switched to 1.1.1.1,"IPs detected: [None, '116.119.195.164', '2404:a800:6:196:face:b00c:3333:7020']"
2025-10-29 08:14:54.624105,DNS Spoofing,Unknown,Switched to 1.1.1.1,"IPs detected: [None, '116.119.195.164', '2404:a800:6:196:face:b00c:3333:7020']"
2025-10-29 08:14:58.298967,DNS Spoofing,Unknown,Switched to 1.1.1.1,"IPs detected: [None, '116.119.195.164', '2404:a800:6:196:face:b00c:3333:7020']"
2025-10-29 08:15:04.198479,DNS Spoofing,Unknown,Switched to 1.1.1.1,"IPs detected: [None, '116.119.195.164', '2404:a800:6:196:face:b00c:3333:7020']"
2025-10-29 08:15:11.601666,DNS Spoofing,Unknown,Switched to 1.1.1.1,"IPs detected: [None, '116.119.195.164', '2404:a800:6:196:face:b00c:3333:7020']"
2025-10-29 08:15:15.100739,DNS Spoofing,Unknown,Switched to 1.1.1.1,"IPs detected: ['116.119.195.164', '2404:a800:6:196:face:b00c:3333:7020']"
2025-10-29 08:15:19.298860,DNS Spoofing,Unknown,Switched to 1.1.1.1,"IPs detected: ['116.119.195.164', '2404:a800:6:196:face:b00c:3333:7020']"
2025-10-29 08:15:23.683114,DNS Spoofing,Unknown,Switched to 1.1.1.1,"IPs detected: [None, b'ocsp.edge.digicert.com.']"
2025-10-29 08:15:26.427750,DNS Spoofing,Unknown,Switched to 1.1.1.1,"IPs detected: [None, b'ocsp.edge.digicert.com.']"
2025-10-29 08:15:28.440523,DNS Spoofing,Unknown,Switched to 1.1.1.1,"IPs detected: [None, b'ocsp.edge.digicert.com.']"
2025-10-29 08:15:48.010739,DNS Spoofing,Unknown,Switched to 1.1.1.1,"IPs detected: [None, b'ocsp.edge.digicert.com.']"
2025-10-29 08:16:46.786198,ML Anomaly,10.89.153.232,Blocked via ML,Score=-0.11364107180963001
2025-10-29 10:04:25.803656,DNS Spoofing,Unknown,Switched to 1.1.1.1,"IPs detected: [None, b'mobile.events.data.trafficmanager.net.']"
2025-10-29 10:04:28.488148,DNS Spoofing,Unknown,Switched to 1.1.1.1,"IPs detected: [None, b'mobile.events.data.trafficmanager.net.']"
2025-10-29 10:04:30.527759,DNS Spoofing,Unknown,Switched to 1.1.1.1,"IPs detected: [None, '2606:4700:9760:5eb1:aba5:80f:e4cb:86d5', '104.18.41.158']"
2025-10-29 10:04:33.057541,DNS Spoofing,Unknown,Switched to 1.1.1.1,"IPs detected: [None, b'mmx-ds.cdn.whatsapp.net.']"
2025-10-29 10:04:34.555338,DNS Spoofing,Unknown,Switched to 1.1.1.1,"IPs detected: [None, b'pki-goog.l.google.com.']"
2025-10-29 10:04:40.792872,DNS Spoofing,Unknown,Switched to 1.1.1.1,"IPs detected: [None, b'mmx-ds.cdn.whatsapp.net.']"
2025-10-29 10:04:42.901653,DNS Spoofing,Unknown,Switched to 1.1.1.1,"IPs detected: [None, b'mmx-ds.cdn.whatsapp.net.']"
2025-10-29 10:04:47.056806,DNS Spoofing,Unknown,Switched to 1.1.1.1,"IPs detected: [None, '2a03:2880:f369:120:face:b00c:0:167', '57.144.211.32']"
2025-10-29 10:04:51.285415,ML Anomaly,57.144.211.32,Blocked via ML,Score=-0.12602073130831593
2025-10-29 10:08:17.877677,DNS Spoofing,Unknown,Switched to 1.1.1.1,"IPs detected: [None, b'vscode-cdn.z01.azurefd.net.']"
2025-10-29 10:08:26.416987,DNS Spoofing,Unknown,Switched to 1.1.1.1,"IPs detected: [None, b'vscode-cdn.z01.azurefd.net.']"
2025-10-29 10:08:30.410259,DNS Spoofing,Unknown,Switched to 1.1.1.1,"IPs detected: [None, b'vscode-cdn.z01.azurefd.net.']"
2025-10-29 10:08:39.166314,DNS Spoofing,Unknown,Switched to 1.1.1.1,"IPs detected: [None, b'vscode-cdn.z01.azurefd.net.']"
2025-10-29 10:08:54.002596,DNS Spoofing,Unknown,Switched to 1.1.1.1,"IPs detected: [None, b'vscode-cdn.z01.azurefd.net.']"
2025-10-29 10:08:58.398031,DNS Spoofing,Unknown,Switched to 1.1.1.1,"IPs detected: [None, b'vscode-cdn.z01.azurefd.net.']"
2025-10-29 10:09:00.399949,DNS Spoofing,Unknown,Switched to 1.1.1.1,"IPs detected: [None, b'vscode-cdn.z01.azurefd.net.']"
2025-10-29 10:09:30.596815,DNS Spoofing,Unknown,Switched to 1.1.1.1,"IPs detected: [None, '34.36.137.203']"
2025-10-29 10:09:32.924649,DNS Spoofing,Unknown,Switched to 1.1.1.1,"IPs detected: [None, '34.36.137.203']"
2025-10-29 10:09:39.043596,DNS Spoofing,Unknown,Switched to 1.1.1.1,"IPs detected: [None, '34.36.137.203']"
2025-10-29 10:09:45.744881,DNS Spoofing,Unknown,Switched to 1.1.1.1,"IPs detected: [None, '34.36.137.203']"
2025-10-29 10:09:47.827081,DNS Spoofing,Unknown,Switched to 1.1.1.1,"IPs detected: [None, '34.36.137.203']"
2025-10-29 10:09:50.459797,DNS Spoofing,Unknown,Switched to 1.1.1.1,"IPs detected: [None, '34.36.137.203']"
2025-10-29 10:09:52.494572,DNS Spoofing,Unknown,Switched to 1.1.1.1,"IPs detected: [None, '34.36.137.203']"
2025-10-29 10:09:55.533585,DNS Spoofing,Unknown,Switched to 1.1.1.1,"IPs detected: [None, '34.36.137.203']"
2025-10-29 10:09:58.483809,DNS Spoofing,Unknown,Switched to 1.1.1.1,"IPs detected: [None, '34.36.137.203']"
2025-10-29 10:10:00.527607,DNS Spoofing,Unknown,Switched to 1.1.1.1,"IPs detected: [None, '2600:1408:ec00:36::1736:7f2f', '23.215.0.132', '23.220.75.238', '2600:1406:5e00:6::17ce:bc29']"
2025-10-29 10:10:08.003140,DNS Spoofing,Unknown,Switched to 1.1.1.1,"IPs detected: [None, '2600:1408:ec00:36::1736:7f2f', '23.215.0.132', '23.220.75.238', '2600:1406:5e00:6::17ce:bc29']"
2025-10-29 10:10:10.776118,DNS Spoofing,Unknown,Switched to 1.1.1.1,"IPs detected: [None, '2600:1408:ec00:36::1736:7f2f', '23.215.0.132', '23.220.75.238', '2600:1406:5e00:6::17ce:bc29']"
2025-10-29 10:10:14.507755,DNS Spoofing,Unknown,Switched to 1.1.1.1,"IPs detected: [None, '2600:1408:ec00:36::1736:7f2f', '23.215.0.132', '23.220.75.238', '2600:1406:5e00:6::17ce:bc29']"
2025-10-29 10:10:17.085234,DNS Spoofing,Unknown,Switched to 1.1.1.1,"IPs detected: [None, '2600:1408:ec00:36::1736:7f2f', '23.215.0.132', '23.220.75.238', '2600:1406:5e00:6::17ce:bc29']"
2025-10-29 10:10:20.339280,DNS Spoofing,Unknown,Switched to 1.1.1.1,"IPs detected: [None, '2600:1408:ec00:36::1736:7f2f', '23.215.0.132', '23.220.75.238', '2600:1406:5e00:6::17ce:bc29']"
2025-10-29 10:10:22.355339,DNS Spoofing,Unknown,Switched to 1.1.1.1,"IPs detected: [None, b'detectportal.prod.mozaws.net.']"
2025-10-29 10:10:24.419037,DNS Spoofing,Unknown,Switched to 1.1.1.1,"IPs detected: [None, b'mmx-ds.cdn.whatsapp.net.']"
2025-10-29 10:10:26.415080,DNS Spoofing,Unknown,Switched to 1.1.1.1,"IPs detected: [None, b'mmx-ds.cdn.whatsapp.net.']"
2025-10-29 10:10:28.430058,DNS Spoofing,Unknown,Switched to 1.1.1.1,"IPs detected: [None, b'mmx-ds.cdn.whatsapp.net.']"
2025-10-29 10:10:30.903896,DNS Spoofing,Unknown,Switched to 1.1.1.1,"IPs detected: [None, b'mmx-ds.cdn.whatsapp.net.']"
2025-10-29 10:10:33.292063,DNS Spoofing,Unknown,Switched to 1.1.1.1,"IPs detected: [None, b'mmx-ds.cdn.whatsapp.net.']"
2025-10-29 10:10:36.927016,DNS Spoofing,Unknown,Switched to 1.1.1.1,"IPs detected: [None, b'mmx-ds.cdn.whatsapp.net.']"
2025-10-29 10:10:39.763224,DNS Spoofing,Unknown,Switched to 1.1.1.1,"IPs detected: [None, b'mmx-ds.cdn.whatsapp.net.']"
2025-10-29 10:27:40.651453,DNS Spoofing,Unknown,Switched to 1.1.1.1,"IPs detected: [None, b'mobile.events.data.trafficmanager.net.']"
2025-10-29 10:27:45.188556,DNS Spoofing,Unknown,Switched to 1.1.1.1,"IPs detected: [None, b'mobile.events.data.trafficmanager.net.']"
2025-10-29 10:27:48.765895,DNS Spoofing,Unknown,Switched to 1.1.1.1,"IPs detected: [None, b'mobile.events.data.trafficmanager.net.']"
2025-10-29 10:27:51.726673,DNS Spoofing,Unknown,Switched to 1.1.1.1,"IPs detected: [None, b'mobile.events.data.trafficmanager.net.']"
2025-10-29 10:31:02.487561,DNS Spoofing,Unknown,Switched to 1.1.1.1,"IPs detected: [None, b'mobile.events.data.trafficmanager.net.']"
2025-10-29 10:31:14.302903,DNS Spoofing,Unknown,Switched to 1.1.1.1,"IPs detected: [None, b'mobile.events.data.trafficmanager.net.']"
2025-10-29 10:31:16.417948,DNS Spoofing,Unknown,Switched to 1.1.1.1,"IPs detected: [None, b'mobile.events.data.trafficmanager.net.']"
2025-10-29 10:31:19.415326,DNS Spoofing,Unknown,Switched to 1.1.1.1,"IPs detected: [None, b'mobile.events.data.trafficmanager.net.']"
2025-10-29 10:31:32.594694,DNS Spoofing,Unknown,Switched to 1.1.1.1,"IPs detected: [None, b'mobile.events.data.trafficmanager.net.']"
2025-10-29 10:31:34.883533,DNS Spoofing,Unknown,Switched to 1.1.1.1,"IPs detected: [None, b'mobile.events.data.trafficmanager.net.']"
2025-10-29 10:31:39.756823,DNS Spoofing,Unknown,Switched to 1.1.1.1,"IPs detected: [None, b'mobile.events.data.trafficmanager.net.']"
2025-10-29 10:31:41.977042,DNS Spoofing,Unknown,Switched to 1.1.1.1,"IPs detected: [None, b'mobile.events.data.trafficmanager.net.']"
2025-10-29 10:32:01.626503,DNS Spoofing,Unknown,Switched to 1.1.1.1,"IPs detected: [None, b'mobile.events.data.trafficmanager.net.']"
2025-10-29 10:32:18.024230,DNS Spoofing,Unknown,Switched to 1.1.1.1,"IPs detected: [None, b'mobile.events.data.trafficmanager.net.']"
2025-10-29 10:32:21.761565,DNS Spoofing,Unknown,Switched to 1.1.1.1,"IPs detected: [None, b'mobile.events.data.trafficmanager.net.']"
2025-10-29 10:32:30.279174,DNS Spoofing,Unknown,Switched to 1.1.1.1,"IPs detected: [None, b'mobile.events.data.trafficmanager.net.']"
2025-10-29 10:32:36.583578,DNS Spoofing,Unknown,Switched to 1.1.1.1,"IPs detected: [None, b'mobile.events.data.trafficmanager.net.']"
2025-10-29 10:32:39.609965,DNS Spoofing,Unknown,Switched to 1.1.1.1,"IPs detected: [None, b'mobile.events.data.trafficmanager.net.']"
2025-10-29 10:32:44.352039,DNS Spoofing,Unknown,Switched to 1.1.1.1,"IPs detected: [None, b'mobile.events.data.trafficmanager.net.']"
2025-10-29 10:32:47.733078,DNS Spoofing,Unknown,Switched to 1.1.1.1,"IPs detected: [None, b'mobile.events.data.trafficmanager.net.']"
2025-10-29 10:32:50.142130,DNS Spoofing,Unknown,Switched to 1.1.1.1,"IPs detected: [None, b'mobile.events.data.trafficmanager.net.']"
2025-10-29 10:33:01.741699,DNS Spoofing,Unknown,Switched to 1.1.1.1,"IPs detected: [None, b'mobile.events.data.trafficmanager.net.']"
2025-10-29 10:33:07.252765,DNS Spoofing,Unknown,Switched to 1.1.1.1,"IPs detected: [None, b'mobile.events.data.trafficmanager.net.']"
2025-10-29 10:33:14.110333,DNS Spoofing,Unknown,Switched to 1.1.1.1,"IPs detected: [None, b'mobile.events.data.trafficmanager.net.']"
2025-10-29 10:33:18.680211,DNS Spoofing,Unknown,Switched to 1.1.1.1,"IPs detected: [None, b'mobile.events.data.trafficmanager.net.']"
2025-10-29 10:33:20.730507,DNS Spoofing,Unknown,Switched to 1.1.1.1,"IPs detected: [None, b'deault-exp-tas-com.e-0014.e-msedge.net.']"
2025-10-29 10:33:23.028623,DNS Spoofing,Unknown,Switched to 1.1.1.1,"IPs detected: [None, b'deault-exp-tas-com.e-0014.e-msedge.net.']"
2025-10-29 10:33:24.974271,DNS Spoofing,Unknown,Switched to 1.1.1.1,"IPs detected: [None, b'deault-exp-tas-com.e-0014.e-msedge.net.']"
2025-10-29 10:33:27.219827,DNS Spoofing,Unknown,Switched to 1.1.1.1,"IPs detected: [None, b'vscode-cdn.z01.azurefd.net.']"
2025-10-29 10:33:29.283794,DNS Spoofing,Unknown,Switched to 1.1.1.1,"IPs detected: [None, b'vscode-cdn.z01.azurefd.net.']"
2025-10-29 10:33:32.075175,DNS Spoofing,Unknown,Switched to 1.1.1.1,"IPs detected: [None, b'vscode-cdn.z01.azurefd.net.']"
2025-10-29 10:33:34.097705,DNS Spoofing,Unknown,Switched to 1.1.1.1,"IPs detected: [None, b'vscode-cdn.z01.azurefd.net.']"
2025-10-29 10:33:38.687387,DNS Spoofing,Unknown,Switched to 1.1.1.1,"IPs detected: [None, b'vscode-cdn.z01.azurefd.net.']"
2025-10-29 10:33:42.422618,DNS Spoofing,Unknown,Switched to 1.1.1.1,"IPs detected: [None, b'vscode-cdn.z01.azurefd.net.']"
2025-10-29 10:33:45.617556,DNS Spoofing,Unknown,Switched to 1.1.1.1,"IPs detected: [None, b'vscode-cdn.z01.azurefd.net.']"
2025-10-29 10:33:49.959502,DNS Spoofing,Unknown,Switched to 1.1.1.1,"IPs detected: [None, b'deault-exp-tas-com.e-0014.e-msedge.net.']"
2025-10-29 10:33:59.347425,DNS Spoofing,Unknown,Switched to 1.1.1.1,"IPs detected: [None, b'deault-exp-tas-com.e-0014.e-msedge.net.']"
2025-10-29 10:34:02.459315,DNS Spoofing,Unknown,Switched to 1.1.1.1,"IPs detected: [None, b'deault-exp-tas-com.e-0014.e-msedge.net.']"
2025-10-29 10:34:04.738772,DNS Spoofing,Unknown,Switched to 1.1.1.1,"IPs detected: [None, b'deault-exp-tas-com.e-0014.e-msedge.net.']"
2025-10-29 10:34:08.976840,DNS Spoofing,Unknown,Switched to 1.1.1.1,"IPs detected: [None, b'deault-exp-tas-com.e-0014.e-msedge.net.']"
2025-10-29 10:34:13.836680,DNS Spoofing,Unknown,Switched to 1.1.1.1,"IPs detected: [None, b'deault-exp-tas-com.e-0014.e-msedge.net.']"
2025-10-29 10:34:19.708932,DNS Spoofing,Unknown,Switched to 1.1.1.1,"IPs detected: [None, b'deault-exp-tas-com.e-0014.e-msedge.net.']"
2025-10-29 10:34:23.369840,DNS Spoofing,Unknown,Switched to 1.1.1.1,"IPs detected: [None, b'deault-exp-tas-com.e-0014.e-msedge.net.']"
2025-10-29 10:34:26.767209,DNS Spoofing,Unknown,Switched to 1.1.1.1,"IPs detected: [None, b'deault-exp-tas-com.e-0014.e-msedge.net.']"
2025-10-29 10:34:28.768552,DNS Spoofing,Unknown,Switched to 1.1.1.1,"IPs detected: [None, b'westus-0.in.ai.monitor.azure.com.']"
2025-10-29 10:36:31.035094,DNS Spoofing,Unknown,Switched to 1.1.1.1,"IPs detected: [None, '57.144.211.32']"
2025-10-29 10:36:33.421748,DNS Spoofing,Unknown,Switched to 1.1.1.1,"IPs detected: [None, '57.144.211.32']"
2025-10-29 10:36:37.131255,DNS Spoofing,Unknown,Switched to 1.1.1.1,"IPs detected: [None, '57.144.211.32']"
2025-10-29 10:37:25.653248,DNS Spoofing,Unknown,Switched to 1.1.1.1,"IPs detected: [None, b'mobile.events.data.trafficmanager.net.']"
2025-10-29 10:37:33.534909,DNS Spoofing,Unknown,Switched to 1.1.1.1,"IPs detected: [None, b'mobile.events.data.trafficmanager.net.']"
2025-10-29 10:37:37.501720,DNS Spoofing,Unknown,Switched to 1.1.1.1,"IPs detected: [None, b'mobile.events.data.trafficmanager.net.']"
2025-10-29 10:37:51.317894,DNS Spoofing,Unknown,Switched to 1.1.1.1,"IPs detected: [None, b'mobile.events.data.trafficmanager.net.']"
2025-10-29 10:38:00.284885,DNS Spoofing,Unknown,Switched to 1.1.1.1,"IPs detected: [None, b'mobile.events.data.trafficmanager.net.']"
2025-10-29 10:38:03.053526,DNS Spoofing,Unknown,Switched to 1.1.1.1,"IPs detected: [None, b'mobile.events.data.trafficmanager.net.']"
2025-10-29 10:38:05.554016,DNS Spoofing,Unknown,Switched to 1.1.1.1,"IPs detected: [None, b'mobile.events.data.trafficmanager.net.']"
2025-10-29 10:38:19.819569,DNS Spoofing,Unknown,Switched to 1.1.1.1,"IPs detected: [None, b'mobile.events.data.trafficmanager.net.']"
2025-10-29 10:38:22.019516,DNS Spoofing,Unknown,Switched to 1.1.1.1,"IPs detected: [None, b'mobile.events.data.trafficmanager.net.']"
2025-10-29 10:38:24.964989,DNS Spoofing,Unknown,Switched to 1.1.1.1,"IPs detected: [None, b'mobile.events.data.trafficmanager.net.']"
2025-10-29 10:38:27.905283,DNS Spoofing,Unknown,Switched to 1.1.1.1,"IPs detected: [None, b'mobile.events.data.trafficmanager.net.']"
2025-10-29 10:38:32.479201,DNS Spoofing,Unknown,Switched to 1.1.1.1,"IPs detected: [None, b'mobile.events.data.trafficmanager.net.']"
2025-10-29 10:38:37.234465,DNS Spoofing,Unknown,Switched to 1.1.1.1,"IPs detected: [None, b'mobile.events.data.trafficmanager.net.']"
2025-10-29 10:38:40.973655,DNS Spoofing,Unknown,Switched to 1.1.1.1,"IPs detected: [None, b'mobile.events.data.trafficmanager.net.']"
2025-10-29 10:38:45.154459,DNS Spoofing,Unknown,Switched to 1.1.1.1,"IPs detected: [None, b'mobile.events.data.trafficmanager.net.']"
2025-12-03 19:46:21.116204,DNS Spoofing,Unknown,Switched DNS to 1.1.1.1,"Suspicious IPs: [None, b'mobile.events.data.trafficmanager.net.']"
2025-12-03 19:46:30.306623,DNS Spoofing,Unknown,Switched DNS to 1.1.1.1,"Suspicious IPs: [None, b'mobile.events.data.trafficmanager.net.']"
2025-12-03 19:49:46.661104,DNS Spoofing,Unknown,Switched DNS to 1.1.1.1,"Suspicious IPs: [None, b'mobile.events.data.trafficmanager.net.']"
2025-12-03 19:49:48.926366,DNS Spoofing,Unknown,Switched DNS to 1.1.1.1,"Suspicious IPs: [None, b'mobile.events.data.trafficmanager.net.']"
2025-12-03 19:49:53.018233,DNS Spoofing,Unknown,Switched DNS to 1.1.1.1,"Suspicious IPs: [None, b'mobile.events.data.trafficmanager.net.']"
2025-12-03 19:50:03.369103,DNS Spoofing,Unknown,Switched DNS to 1.1.1.1,"Suspicious IPs: [None, b'mobile.events.data.trafficmanager.net.']"
2025-12-03 19:52:02.742630,DNS Spoofing,Unknown,Switched DNS to 1.1.1.1,"Suspicious IPs: ['3.233.158.111', '2600:1f18:24e6:b901:fbdc:7182:a89c:6101']"
2025-12-03 19:52:04.962948,DNS Spoofing,Unknown,Switched DNS to 1.1.1.1,"Suspicious IPs: ['3.233.158.111', '2600:1f18:24e6:b901:fbdc:7182:a89c:6101']"
2025-12-03 19:52:07.084188,DNS Spoofing,Unknown,Switched DNS to 1.1.1.1,"Suspicious IPs: ['3.233.158.111', '2600:1f18:24e6:b901:fbdc:7182:a89c:6101']"
2025-12-03 19:52:09.108475,DNS Spoofing,Unknown,Switched DNS to 1.1.1.1,"Suspicious IPs: ['3.233.158.111', '2600:1f18:24e6:b901:fbdc:7182:a89c:6101']"
2025-12-03 19:54:13.725647,DNS Spoofing,Unknown,Switched DNS to 1.1.1.1,"Suspicious IPs: ['2600:1f18:24e6:b900:2d16:a724:7ca3:5c63', '3.233.158.114']"
2025-12-03 19:54:15.942818,DNS Spoofing,Unknown,Switched DNS to 1.1.1.1,"Suspicious IPs: ['2600:1f18:24e6:b900:2d16:a724:7ca3:5c63', '3.233.158.114']"
2025-12-03 19:54:17.993660,DNS Spoofing,Unknown,Switched DNS to 1.1.1.1,"Suspicious IPs: ['2600:1f18:24e6:b900:2d16:a724:7ca3:5c63', '3.233.158.114']"
2025-12-03 19:54:23.744486,DNS Spoofing,Unknown,Switched DNS to 1.1.1.1,"Suspicious IPs: ['2600:1f18:24e6:b900:2d16:a724:7ca3:5c63', '3.233.158.114']"
2025-12-03 19:54:27.830502,DNS Spoofing,Unknown,Switched DNS to 1.1.1.1,"Suspicious IPs: ['2600:1f18:24e6:b900:2d16:a724:7ca3:5c63', '3.233.158.114']"
2025-12-03 19:54:29.767152,DNS Spoofing,Unknown,Switched DNS to 1.1.1.1,"Suspicious IPs: ['2600:1f18:24e6:b900:2d16:a724:7ca3:5c63', '3.233.158.114']"
2025-12-03 19:54:32.422889,DNS Spoofing,Unknown,Switched DNS to 1.1.1.1,"Suspicious IPs: ['2600:1f18:24e6:b900:2d16:a724:7ca3:5c63', '3.233.158.114']"
2025-12-03 19:54:34.566463,DNS Spoofing,Unknown,Switched DNS to 1.1.1.1,"Suspicious IPs: ['2600:1f18:24e6:b900:2d16:a724:7ca3:5c63', '3.233.158.114']"
2025-12-03 19:54:36.736209,DNS Spoofing,Unknown,Switched DNS to 1.1.1.1,"Suspicious IPs: ['2600:1f18:24e6:b900:2d16:a724:7ca3:5c63', '3.233.158.114']"
2025-12-03 19:54:38.874750,DNS Spoofing,Unknown,Switched DNS to 1.1.1.1,"Suspicious IPs: ['2600:1f18:24e6:b900:2d16:a724:7ca3:5c63', '3.233.158.114']"
2025-12-03 19:54:41.056189,ARP Spoofing,192.168.1.1,Blocked via firewall,Firewall rule added: DROP all traffic from 192.168.1.1
2025-12-03 19:54:43.312628,ARP Spoofing,192.168.1.1,Blocked via firewall,Firewall rule added: DROP all traffic from 192.168.1.1
2025-12-03 19:54:45.334244,ARP Spoofing,192.168.1.1,Blocked via firewall,Firewall rule added: DROP all traffic from 192.168.1.1
2025-12-03 19:54:47.694211,ARP Spoofing,192.168.1.1,Blocked via firewall,Firewall rule added: DROP all traffic from 192.168.1.1
2025-12-03 19:54:55.135374,ARP Spoofing,192.168.1.1,Blocked via firewall,Firewall rule added: DROP all traffic from 192.168.1.1
2025-12-03 19:55:02.804949,ARP Spoofing,192.168.1.1,Blocked via firewall,Firewall rule added: DROP all traffic from 192.168.1.1
2025-12-03 19:55:04.826667,ARP Spoofing,192.168.1.1,Blocked via firewall,Firewall rule added: DROP all traffic from 192.168.1.1
2025-12-03 19:55:07.082186,ARP Spoofing,192.168.1.1,Blocked via firewall,Firewall rule added: DROP all traffic from 192.168.1.1
2025-12-03 19:55:09.071198,ARP Spoofing,192.168.1.1,Blocked via firewall,Firewall rule added: DROP all traffic from 192.168.1.1
2025-12-03 19:55:12.089432,ARP Spoofing,192.168.1.1,Blocked via firewall,Firewall rule added: DROP all traffic from 192.168.1.1
2025-12-03 19:55:15.181099,ARP Spoofing,192.168.1.1,Blocked via firewall,Firewall rule added: DROP all traffic from 192.168.1.1
2025-12-03 19:55:17.426074,ARP Spoofing,192.168.1.1,Blocked via firewall,Firewall rule added: DROP all traffic from 192.168.1.1
2025-12-03 19:56:27.005060,DNS Spoofing,Unknown,Switched DNS to 1.1.1.1,"Suspicious IPs: ['3.233.158.24', '2600:1f18:24e6:b900:633c:1d50:cbd8:2a53']"
2025-12-03 19:56:29.092531,DNS Spoofing,Unknown,Switched DNS to 1.1.1.1,"Suspicious IPs: ['3.233.158.24', '2600:1f18:24e6:b900:633c:1d50:cbd8:2a53']"
2025-12-03 19:56:31.387454,DNS Spoofing,Unknown,Switched DNS to 1.1.1.1,"Suspicious IPs: ['3.233.158.24', '2600:1f18:24e6:b900:633c:1d50:cbd8:2a53']"
2025-12-03 19:56:33.549672,DNS Spoofing,Unknown,Switched DNS to 1.1.1.1,"Suspicious IPs: ['3.233.158.24', '2600:1f18:24e6:b900:633c:1d50:cbd8:2a53']"
2025-12-03 19:56:35.698705,DNS Spoofing,Unknown,Switched DNS to 1.1.1.1,"Suspicious IPs: ['3.233.158.24', '2600:1f18:24e6:b900:633c:1d50:cbd8:2a53']"
2025-12-03 19:56:37.710152,DNS Spoofing,Unknown,Switched DNS to 1.1.1.1,"Suspicious IPs: ['3.233.158.24', '2600:1f18:24e6:b900:633c:1d50:cbd8:2a53']"
2025-12-03 19:59:37.615115,DNS Spoofing,Unknown,Switched DNS to 1.1.1.1,"Suspicious IPs: ['3.233.158.24', '2600:1f18:24e6:b900:2d16:a724:7ca3:5c63']"
2025-12-03 19:59:39.816076,DNS Spoofing,Unknown,Switched DNS to 1.1.1.1,"Suspicious IPs: ['3.233.158.24', '2600:1f18:24e6:b900:2d16:a724:7ca3:5c63']"
2025-12-03 19:59:41.838831,DNS Spoofing,Unknown,Switched DNS to 1.1.1.1,"Suspicious IPs: ['3.233.158.24', '2600:1f18:24e6:b900:2d16:a724:7ca3:5c63']"
2025-12-03 19:59:43.983349,DNS Spoofing,Unknown,Switched DNS to 1.1.1.1,"Suspicious IPs: ['3.233.158.24', '2600:1f18:24e6:b900:2d16:a724:7ca3:5c63', '3.233.158.112']"
2025-12-03 19:59:46.211439,DNS Spoofing,Unknown,Switched DNS to 1.1.1.1,"Suspicious IPs: ['3.233.158.24', '2600:1f18:24e6:b900:2d16:a724:7ca3:5c63', '3.233.158.112']"
2025-12-03 19:59:48.192541,DNS Spoofing,Unknown,Switched DNS to 1.1.1.1,"Suspicious IPs: ['3.233.158.24', '2600:1f18:24e6:b900:2d16:a724:7ca3:5c63', '3.233.158.112']"
2025-12-03 19:59:50.254712,DNS Spoofing,Unknown,Switched DNS to 1.1.1.1,"Suspicious IPs: ['2600:1f18:24e6:b900:2d16:a724:7ca3:5c63', '3.233.158.112']"
2025-12-03 19:59:52.299594,DNS Spoofing,Unknown,Switched DNS to 1.1.1.1,"Suspicious IPs: ['2600:1f18:24e6:b900:2d16:a724:7ca3:5c63', '3.233.158.112']"
2025-12-03 20:00:33.174383,ML Anomaly,34.36.137.203,Blocked via ML,Score=-0.12910179343315953
2025-12-03 20:00:33.191895,ARP Spoofing,34.36.137.203,Blocked via firewall,Firewall rule added: DROP all traffic from 34.36.137.203
2025-12-03 20:01:09.037290,DNS Spoofing,Unknown,Switched DNS to 1.1.1.1,"Suspicious IPs: ['3.233.158.25', '2600:1f18:24e6:b902:b031:28ae:e5c:782b']"
2025-12-03 20:01:11.277988,DNS Spoofing,Unknown,Switched DNS to 1.1.1.1,"Suspicious IPs: ['3.233.158.25', '2600:1f18:24e6:b902:b031:28ae:e5c:782b']"
2025-12-03 20:01:13.324602,DNS Spoofing,Unknown,Switched DNS to 1.1.1.1,"Suspicious IPs: ['3.233.158.25', '2600:1f18:24e6:b902:b031:28ae:e5c:782b']"
2025-12-03 20:01:15.387857,DNS Spoofing,Unknown,Switched DNS to 1.1.1.1,"Suspicious IPs: ['3.233.158.25', '2600:1f18:24e6:b902:b031:28ae:e5c:782b']"
2025-12-03 20:01:17.411320,DNS Spoofing,Unknown,Switched DNS to 1.1.1.1,"Suspicious IPs: ['3.233.158.25', '2600:1f18:24e6:b902:b031:28ae:e5c:782b']"
2025-12-03 20:01:19.629981,DNS Spoofing,Unknown,Switched DNS to 1.1.1.1,"Suspicious IPs: ['3.233.158.25', '2600:1f18:24e6:b902:b031:28ae:e5c:782b']"
2025-12-03 20:01:21.824616,DNS Spoofing,Unknown,Switched DNS to 1.1.1.1,"Suspicious IPs: ['3.233.158.25', '2600:1f18:24e6:b902:b031:28ae:e5c:782b']"
2025-12-03 20:01:23.885203,DNS Spoofing,Unknown,Switched DNS to 1.1.1.1,"Suspicious IPs: ['3.233.158.25', '2600:1f18:24e6:b902:b031:28ae:e5c:782b']"
2025-12-03 20:01:27.108204,DNS Spoofing,Unknown,Switched DNS to 1.1.1.1,"Suspicious IPs: ['3.233.158.25', '2600:1f18:24e6:b902:b031:28ae:e5c:782b']"
2025-12-03 20:01:29.270270,DNS Spoofing,Unknown,Switched DNS to 1.1.1.1,"Suspicious IPs: ['3.233.158.25', '2600:1f18:24e6:b902:b031:28ae:e5c:782b']"
2025-12-03 20:01:31.410969,DNS Spoofing,Unknown,Switched DNS to 1.1.1.1,"Suspicious IPs: ['3.233.158.25', '2600:1f18:24e6:b902:b031:28ae:e5c:782b']"
2025-12-03 20:01:33.563704,DNS Spoofing,Unknown,Switched DNS to 1.1.1.1,"Suspicious IPs: ['3.233.158.25', '2600:1f18:24e6:b902:b031:28ae:e5c:782b']"
2025-12-03 20:01:35.743479,DNS Spoofing,Unknown,Switched DNS to 1.1.1.1,"Suspicious IPs: ['3.233.158.25', '2600:1f18:24e6:b902:b031:28ae:e5c:782b']"
2025-12-04 19:19:34.611449,ARP Spoofing,192.168.1.1,local,Blocked via firewall,Firewall rule added: DROP all traffic from 192.168.1.1
2025-12-04 19:21:48.777839,ARP Spoofing,192.168.1.1,local,Blocked via firewall,Firewall rule added: DROP all traffic from 192.168.1.1
2025-12-04 19:21:50.981501,ARP Spoofing,192.168.1.1,local,Blocked via firewall,Firewall rule added: DROP all traffic from 192.168.1.1
2025-12-04 19:21:53.145328,ARP Spoofing,192.168.1.1,local,Blocked via firewall,Firewall rule added: DROP all traffic from 192.168.1.1
2025-12-04 19:21:55.471290,ARP Spoofing,192.168.1.1,local,Blocked via firewall,Firewall rule added: DROP all traffic from 192.168.1.1
2025-12-04 19:21:57.471489,ARP Spoofing,192.168.1.1,local,Blocked via firewall,Firewall rule added: DROP all traffic from 192.168.1.1
2025-12-04 19:21:59.493312,ARP Spoofing,192.168.1.1,local,Blocked via firewall,Firewall rule added: DROP all traffic from 192.168.1.1
2025-12-04 19:22:01.519458,ARP Spoofing,192.168.1.1,local,Blocked via firewall,Firewall rule added: DROP all traffic from 192.168.1.1
2025-12-04 19:22:03.507443,ARP Spoofing,192.168.1.1,local,Blocked via firewall,Firewall rule added: DROP all traffic from 192.168.1.1
2025-12-04 19:22:05.592863,ARP Spoofing,192.168.1.1,local,Blocked via firewall,Firewall rule added: DROP all traffic from 192.168.1.1
2025-12-04 19:22:07.532223,ARP Spoofing,192.168.1.1,local,Blocked via firewall,Firewall rule added: DROP all traffic from 192.168.1.1
2025-12-04 19:22:09.550151,ARP Spoofing,192.168.1.1,local,Blocked via firewall,Firewall rule added: DROP all traffic from 192.168.1.1
2025-12-04 19:22:11.583013,ARP Spoofing,192.168.1.1,local,Blocked via firewall,Firewall rule added: DROP all traffic from 192.168.1.1
2025-12-04 19:22:13.735392,ARP Spoofing,192.168.1.1,local,Blocked via firewall,Firewall rule added: DROP all traffic from 192.168.1.1
2025-12-04 19:34:36.596815,ARP Spoofing,192.168.1.1,local,Blocked via firewall,Firewall rule added: DROP all traffic from 192.168.1.1
2025-12-04 19:34:40.561196,ARP Spoofing,192.168.1.1,local,Blocked via firewall,Firewall rule added: DROP all traffic from 192.168.1.1
2025-12-04 19:34:42.660047,ARP Spoofing,192.168.1.1,local,Blocked via firewall,Firewall rule added: DROP all traffic from 192.168.1.1
2025-12-04 19:34:49.003277,ARP Spoofing,192.168.1.1,local,Blocked via firewall,Firewall rule added: DROP all traffic from 192.168.1.1
2025-12-04 19:34:51.508121,ARP Spoofing,192.168.1.1,local,Blocked via firewall,Firewall rule added: DROP all traffic from 192.168.1.1
2025-12-04 19:55:10.899908,DNS Spoofing,Unknown,Switched DNS to 1.1.1.1,"IPs: [b'Shakeeb-Laptop._dosvc._tcp.local.', '2001:4490:4c15:d05c:c7c1:f595:bff2:d921']"
2025-12-04 19:55:12.866265,DNS Spoofing,Unknown,Switched DNS to 1.1.1.1,"IPs: [b'Shakeeb-Laptop._dosvc._tcp.local.', '2001:4490:4c15:d05c:c7c1:f595:bff2:d921']"
2025-12-04 19:55:14.873505,DNS Spoofing,Unknown,Switched DNS to 1.1.1.1,"IPs: [b'Shakeeb-Laptop._dosvc._tcp.local.', '2001:4490:4c15:d05c:c7c1:f595:bff2:d921']"
2025-12-04 19:55:16.877878,DNS Spoofing,Unknown,Switched DNS to 1.1.1.1,"IPs: [b'Shakeeb-Laptop._dosvc._tcp.local.', '2001:4490:4c15:d05c:c7c1:f595:bff2:d921']"
2025-12-04 19:55:19.103177,DNS Spoofing,Unknown,Switched DNS to 1.1.1.1,"IPs: [b'Shakeeb-Laptop._dosvc._tcp.local.', '2001:4490:4c15:d05c:c7c1:f595:bff2:d921']"
2025-12-04 19:55:21.244412,DNS Spoofing,Unknown,Switched DNS to 1.1.1.1,"IPs: [b'Shakeeb-Laptop._dosvc._tcp.local.', '2001:4490:4c15:d05c:c7c1:f595:bff2:d921']"
2025-12-04 21:24:58.221876,DNS Spoofing,Unknown,Switched DNS to 1.1.1.1,"IPs detected: ['104.18.41.158', '2a06:98c1:3104::ac40:9262']"
2025-12-04 23:32:02.538818,ARP Spoofing,192.168.1.1,Skipped blocking (Gateway IP),"Gateway detected, firewall rule not applied"
2025-12-04 23:32:20.895371,DNS Spoofing,Unknown,DNS switched to 1.1.1.1,"IPs: [b'marketplace-visualstudio-com.bx-0007.bx-msedge.net.', b'marketplace-visualstudio-com.bx-0007.bx-m.']"
2025-12-04 23:37:11.059678,ARP Spoofing,192.168.1.1,Skipped blocking (Gateway IP),"Gateway detected, firewall rule not applied"
2025-12-04 23:39:47.275639,ARP Spoofing,,Blocked via firewall,"Exception occurred while blocking None: expected str, bytes or os.PathLike object, not NoneType"
2025-12-04 23:39:47.311319,ML Anomaly,,Blocked via ML,Score=-0.12787644057972314
2025-12-04 23:42:40.076857,ARP Spoofing,192.168.1.1,Skipped blocking (Gateway IP),"Gateway detected, firewall rule not applied"
2025-12-04 23:45:00.956066,ARP Spoofing,192.168.1.1,Skipped blocking (Gateway IP),"Gateway detected, firewall rule not applied"
2025-12-04 23:45:58.540204,ARP Spoofing,,Blocked via firewall,"Exception occurred while blocking None: expected str, bytes or os.PathLike object, not NoneType"
2025-12-04 23:45:58.621412,ML Anomaly,,Blocked via ML,Score=-0.12787644057972314
2025-12-05 11:52:38.253957,ARP Spoofing,192.168.1.1,Skipped blocking (Gateway IP),"Gateway detected, firewall rule not applied"
2025-12-05 15:06:04.087778,ARP Spoofing,192.168.1.1,Skipped blocking (Gateway IP),"Gateway detected, firewall rule not applied"
2025-12-05 15:13:21.228397,ARP Spoofing,192.168.1.1,Skipped blocking (Gateway IP),"Gateway detected, firewall rule not applied"
2025-12-05 15:14:17.881999,ARP Spoofing,192.168.1.1,Skipped blocking (Gateway IP),"Gateway detected, firewall rule not applied"
2025-12-05 15:14:29.049914,ARP Spoofing,,Blocked via firewall,"Exception occurred while blocking None: expected str, bytes or os.PathLike object, not NoneType"
2025-12-05 15:14:29.073427,ML Anomaly,,Blocked via ML,Score=-0.12787644057972314
2025-12-05 15:14:48.785551,ARP Spoofing,,Already mitigated earlier,Duplicate block prevented for None
2025-12-05 15:14:48.810159,ML Anomaly,,Blocked via ML,Score=-0.12787644057972314
2025-12-05 15:15:47.683017,ARP Spoofing,,Already mitigated earlier,Duplicate block prevented for None
2025-12-05 15:15:47.709372,ML Anomaly,,Blocked via ML,Score=-0.12787644057972314
2025-12-05 15:17:55.562388,ARP Spoofing,192.168.1.1,Skipped blocking (Gateway IP),"Gateway detected, firewall rule not applied"
